{
  "parameters": 11777,
  "training": {
    "optimizer_steps": 400,
    "transition_steps": 1000,
    "seconds": 3.1943582999520004,
    "final_loss": 0.00016108759155031294
  },
  "train_hops": [
    1,
    4
  ],
  "evaluation": {
    "1": {
      "accuracy": 1.0,
      "address_accuracy": 1.0,
      "examples_per_second": 60236.71247924718
    },
    "2": {
      "accuracy": 1.0,
      "address_accuracy": 1.0,
      "examples_per_second": 47897.73834176586
    },
    "3": {
      "accuracy": 1.0,
      "address_accuracy": 1.0,
      "examples_per_second": 38163.38676424025
    },
    "4": {
      "accuracy": 1.0,
      "address_accuracy": 1.0,
      "examples_per_second": 26528.05756663208
    },
    "5": {
      "accuracy": 1.0,
      "address_accuracy": 1.0,
      "examples_per_second": 25686.099840297924
    },
    "6": {
      "accuracy": 1.0,
      "address_accuracy": 1.0,
      "examples_per_second": 20349.17918619942
    },
    "7": {
      "accuracy": 1.0,
      "address_accuracy": 1.0,
      "examples_per_second": 16260.245299569942
    },
    "8": {
      "accuracy": 1.0,
      "address_accuracy": 1.0,
      "examples_per_second": 15239.328859459276
    }
  }
}