{
  "parameters": 11777,
  "training": {
    "optimizer_steps": 400,
    "transition_steps": 1000,
    "seconds": 2.3859539004042745,
    "final_loss": 0.048373520374298096
  },
  "train_hops": [
    1,
    4
  ],
  "evaluation": {
    "1": {
      "accuracy": 1.0,
      "address_accuracy": 0.0,
      "examples_per_second": 59133.87297074809
    },
    "2": {
      "accuracy": 1.0,
      "address_accuracy": 0.0,
      "examples_per_second": 40221.97509750882
    },
    "3": {
      "accuracy": 0.99921875,
      "address_accuracy": 0.0,
      "examples_per_second": 32171.959089896474
    },
    "4": {
      "accuracy": 0.965625,
      "address_accuracy": 0.0,
      "examples_per_second": 24601.5697156094
    },
    "5": {
      "accuracy": 0.84453125,
      "address_accuracy": 0.0,
      "examples_per_second": 20995.308874141818
    },
    "6": {
      "accuracy": 0.68125,
      "address_accuracy": 0.0,
      "examples_per_second": 19050.227153511238
    },
    "7": {
      "accuracy": 0.5015625,
      "address_accuracy": 0.0,
      "examples_per_second": 15264.863273864295
    },
    "8": {
      "accuracy": 0.3859375,
      "address_accuracy": 0.0,
      "examples_per_second": 14455.387648035934
    }
  }
}