{
  "model": "MicroTorch CFNA base_35m",
  "parameters": 34368049,
  "checkpoint_step": 20,
  "checkpoint_bytes": 138210039,
  "checkpoint_sha256": "df792049078c432d1a6ee8dc06b4902ea64929fb345428df856e19bfe18f72e1",
  "canonical_state_sha256": "6403931c5ac253a32cfc669abbca03c02f2fa22fbc8f8a325692ab2e6bf49ab2",
  "optimizer": "streamfactor",
  "optimizer_step": 20,
  "learning_rate": 1e-05,
  "training_objective": "mixed document-byte pretraining and response-only SFT",
  "progress_from_step9": {
    "completed_steps": 11,
    "pretraining_steps": 9,
    "sft_steps": 2,
    "pretraining_target_bytes": 2535,
    "sft_target_bytes": 32,
    "all_gradient_tensors_finite": true,
    "sequence_ladder_passed": [16, 32, 64, 128, 256, 512],
    "largest_verified_sequence": 512,
    "largest_verified_peak_rss_kib": 2006404
  },
  "runtime_finding": {
    "problem": "OpenBLAS exposed 56 threads; small MicroTorch matmuls incurred extreme thread-launch overhead",
    "fix": "default BLAS/OMP/MKL/NumExpr thread count to 1 before importing NumPy",
    "observed_backward_before_fix": ">300 seconds at sequence 16 and >900 seconds at sequence 32",
    "observed_backward_after_fix_s": {
      "seq16": 1.379178524017334,
      "seq32": 1.3664755821228027,
      "seq64": 1.4340236186981201,
      "seq128": 1.6908717155456543,
      "seq256": 1.8160309791564941,
      "seq512": 1.999892234802246
    }
  },
  "fixed16_evaluation": {
    "trained_alice": {"step9_loss": 5.52128791809082, "step20_loss": 5.097788333892822, "improvement_pct": 7.670304292778811, "accuracy": 0.06666666666666667},
    "heldout_alice": {"step9_loss": 5.772595405578613, "step20_loss": 5.352411270141602, "improvement_pct": 7.278946572817964, "accuracy": 0.0},
    "heldout_tale": {"step9_loss": 5.918288230895996, "step20_loss": 5.4287004470825195, "improvement_pct": 8.27245589793378, "accuracy": 0.0}
  },
  "heldout512_evaluation": {
    "tale_of_two_cities": {"loss": 4.500482559204102, "bpb": 6.492823869771028, "accuracy": 0.1487279843444227},
    "plato_apology": {"loss": 4.570712089538574, "bpb": 6.5941436649085325, "accuracy": 0.17416829745596868},
    "discourse_on_method": {"loss": 4.486561298370361, "bpb": 6.47273973580327, "accuracy": 0.14677103718199608}
  },
  "generation_readable": false,
  "honesty_note": "Loss and held-out next-byte accuracy improved, but greedy generation is still non-readable; the checkpoint is early pretraining, not a competent language model."
}
