{
  "model": "Nueronce Engine NUERONCE base_35m",
  "parameters": 34368049,
  "pass_index": 4,
  "start_step": 70,
  "end_step": 80,
  "completed_steps": 10,
  "pretraining_steps": 8,
  "sft_steps": 2,
  "pretraining_target_bytes": 4088,
  "sft_target_bytes": 128,
  "all_gradient_tensors_finite": true,
  "checkpoint_bytes": 138235847,
  "checkpoint_sha256": "ee35e40e1da5cf5d2447dad2d815b55d60920f1fd8dd606d1dc410743b7906b5",
  "canonical_state_sha256": "7a808b5d0d5d705d98103b5113f39ef8d30b6c60a8d30c8c425ab50b144a2435",
  "optimizer_step": 80,
  "learning_rate": 1e-05,
  "baseline_average_bpb": 5.0465041798600305,
  "final_average_bpb": 4.943606644547286,
  "average_bpb_change": -0.10289753531274481,
  "final_accuracy": 0.1632420091324201
}