{
  "model": "Nueronce Engine NUERONCE base_35m",
  "parameters": 34368049,
  "pass_index": 3,
  "start_step": 60,
  "end_step": 70,
  "completed_steps": 10,
  "pretraining_steps": 8,
  "sft_steps": 2,
  "pretraining_target_bytes": 4088,
  "sft_target_bytes": 122,
  "all_gradient_tensors_finite": true,
  "checkpoint_bytes": 138231444,
  "checkpoint_sha256": "bcba9da098d97b4a83dbaffce1644332573846d70a879a38fdcee5ce08d81acd",
  "canonical_state_sha256": "edea3938113e097ee15a386667cfe2aef2327b05b50e7a542e84bba4ea914709",
  "optimizer_step": 70,
  "learning_rate": 1e-05,
  "baseline_average_bpb": 5.110919794456518,
  "final_average_bpb": 5.0465041798600305,
  "average_bpb_change": -0.06441561459648781,
  "final_accuracy": 0.1415525114155251
}