{
  "model": "Nueronce Engine NUERONCE base_35m",
  "parameters": 34368049,
  "pass_index": 2,
  "start_step": 50,
  "end_step": 60,
  "completed_steps": 10,
  "pretraining_steps": 8,
  "sft_steps": 2,
  "pretraining_target_bytes": 4088,
  "sft_target_bytes": 128,
  "all_gradient_tensors_finite": true,
  "checkpoint_bytes": 138227062,
  "checkpoint_sha256": "e115cb6a4b61188f1ae60e623cc82a7f67f53c37bb9f4ba667643a1dc4081f6e",
  "canonical_state_sha256": "4f37980e520217cd11037f420ae48293a4989a521c8697867250f1e13bf1a816",
  "optimizer_step": 60,
  "learning_rate": 1e-05,
  "baseline_average_bpb": 5.266715982831847,
  "final_average_bpb": 5.110919794456518,
  "average_bpb_change": -0.15579618837532827,
  "final_accuracy": 0.15574037834311807
}